{"r2": 0.9685621420072796, "acc": 0.7351, "overall": 0.8518310710036399}